<code_scheme name="Default" version="173">
  <option name="RIGHT_MARGIN" value="100" />
  <option name="WRAP_WHEN_TYPING_REACHES_RIGHT_MARGIN" value="true" />
  <option name="SOFT_MARGINS" value="100" />
  <JavaCodeStyleSettings>
    <option name="CLASS_COUNT_TO_USE_IMPORT_ON_DEMAND" value="999" />
    <option name="NAMES_COUNT_TO_USE_IMPORT_ON_DEMAND" value="999" />
    <option name="IMPORT_LAYOUT_TABLE">
      <value>
        <package name="" withSubpackages="true" static="true" />
        <package name="" withSubpackages="true" static="false" />
        <emptyLine />
        <package name="javax" withSubpackages="true" static="false" />
        <package name="java" withSubpackages="true" static="false" />
        <emptyLine />
      </value>
    </option>
  </JavaCodeStyleSettings>
</code_scheme>