<code_scheme name="Pinterest Java Style V2" version="173">
  <option name="CLASS_COUNT_TO_USE_IMPORT_ON_DEMAND" value="99" />
  <option name="NAMES_COUNT_TO_USE_IMPORT_ON_DEMAND" value="99" />
  <option name="PACKAGES_TO_USE_IMPORT_ON_DEMAND">
    <value />
  </option>
  <option name="IMPORT_LAYOUT_TABLE">
    <value>
      <package name="" withSubpackages="true" static="true" />
      <emptyLine />
      <package name="com.pinterest" withSubpackages="true" static="false" />
      <emptyLine />
      <package name="" withSubpackages="true" static="false" />
      <emptyLine />
      <package name="java" withSubpackages="true" static="false" />
      <package name="javax" withSubpackages="true" static="false" />
    </value>
  </option>
  <option name="RIGHT_MARGIN" value="100" />
  <option name="ENABLE_JAVADOC_FORMATTING" value="false" />
  <option name="JD_P_AT_EMPTY_LINES" value="false" />
  <option name="JD_DO_NOT_WRAP_ONE_LINE_COMMENTS" value="true" />
  <option name="JD_KEEP_EMPTY_PARAMETER" value="false" />
  <option name="JD_KEEP_EMPTY_EXCEPTION" value="false" />
  <option name="JD_KEEP_EMPTY_RETURN" value="false" />
  <option name="JD_PRESERVE_LINE_FEEDS" value="true" />
  <option name="KEEP_CONTROL_STATEMENT_IN_ONE_LINE" value="false" />
  <option name="KEEP_BLANK_LINES_IN_CODE" value="1" />
  <option name="BLANK_LINES_AFTER_CLASS_HEADER" value="1" />
  <option name="ALIGN_MULTILINE_PARAMETERS_IN_CALLS" value="true" />
  <option name="ALIGN_MULTILINE_BINARY_OPERATION" value="true" />
  <option name="ALIGN_MULTILINE_ASSIGNMENT" value="true" />
  <option name="ALIGN_MULTILINE_TERNARY_OPERATION" value="true" />
  <option name="ALIGN_MULTILINE_THROWS_LIST" value="true" />
  <option name="ALIGN_MULTILINE_EXTENDS_LIST" value="true" />
  <option name="ALIGN_MULTILINE_PARENTHESIZED_EXPRESSION" value="true" />
  <option name="ALIGN_MULTILINE_ARRAY_INITIALIZER_EXPRESSION" value="true" />
  <option name="CALL_PARAMETERS_WRAP" value="1" />
  <option name="METHOD_PARAMETERS_WRAP" value="1" />
  <option name="EXTENDS_LIST_WRAP" value="1" />
  <option name="THROWS_LIST_WRAP" value="1" />
  <option name="EXTENDS_KEYWORD_WRAP" value="1" />
  <option name="THROWS_KEYWORD_WRAP" value="1" />
  <option name="METHOD_CALL_CHAIN_WRAP" value="1" />
  <option name="BINARY_OPERATION_WRAP" value="1" />
  <option name="BINARY_OPERATION_SIGN_ON_NEXT_LINE" value="true" />
  <option name="TERNARY_OPERATION_WRAP" value="1" />
  <option name="TERNARY_OPERATION_SIGNS_ON_NEXT_LINE" value="true" />
  <option name="FOR_STATEMENT_WRAP" value="1" />
  <option name="ARRAY_INITIALIZER_WRAP" value="1" />
  <option name="ASSIGNMENT_WRAP" value="5" />
  <option name="WRAP_COMMENTS" value="true" />
  <option name="IF_BRACE_FORCE" value="3" />
  <option name="DOWHILE_BRACE_FORCE" value="3" />
  <option name="WHILE_BRACE_FORCE" value="3" />
  <option name="FOR_BRACE_FORCE" value="3" />
  <JavaCodeStyleSettings>
    <option name="CLASS_COUNT_TO_USE_IMPORT_ON_DEMAND" value="99" />
    <option name="NAMES_COUNT_TO_USE_IMPORT_ON_DEMAND" value="99" />
    <option name="PACKAGES_TO_USE_IMPORT_ON_DEMAND">
      <value />
    </option>
    <option name="IMPORT_LAYOUT_TABLE">
      <value>
        <package name="" withSubpackages="true" static="true" />
        <emptyLine />
        <package name="com.pinterest" withSubpackages="true" static="false" />
        <emptyLine />
        <package name="" withSubpackages="true" static="false" />
        <emptyLine />
        <package name="java" withSubpackages="true" static="false" />
        <package name="javax" withSubpackages="true" static="false" />
      </value>
    </option>
    <option name="ENABLE_JAVADOC_FORMATTING" value="false" />
    <option name="JD_P_AT_EMPTY_LINES" value="false" />
    <option name="JD_DO_NOT_WRAP_ONE_LINE_COMMENTS" value="true" />
    <option name="JD_KEEP_EMPTY_PARAMETER" value="false" />
    <option name="JD_KEEP_EMPTY_EXCEPTION" value="false" />
    <option name="JD_KEEP_EMPTY_RETURN" value="false" />
    <option name="JD_PRESERVE_LINE_FEEDS" value="true" />
  </JavaCodeStyleSettings>
  <XML>
    <option name="XML_LEGACY_SETTINGS_IMPORTED" value="true" />
  </XML>
  <ADDITIONAL_INDENT_OPTIONS fileType="haml">
    <option name="INDENT_SIZE" value="2" />
  </ADDITIONAL_INDENT_OPTIONS>
  <ADDITIONAL_INDENT_OPTIONS fileType="js">
    <option name="CONTINUATION_INDENT_SIZE" value="4" />
  </ADDITIONAL_INDENT_OPTIONS>
  <ADDITIONAL_INDENT_OPTIONS fileType="sass">
    <option name="INDENT_SIZE" value="2" />
  </ADDITIONAL_INDENT_OPTIONS>
  <ADDITIONAL_INDENT_OPTIONS fileType="yml">
    <option name="INDENT_SIZE" value="2" />
  </ADDITIONAL_INDENT_OPTIONS>
  <codeStyleSettings language="ECMA Script Level 4">
    <option name="KEEP_BLANK_LINES_IN_CODE" value="1" />
    <option name="ALIGN_MULTILINE_PARAMETERS_IN_CALLS" value="true" />
    <option name="ALIGN_MULTILINE_BINARY_OPERATION" value="true" />
    <option name="ALIGN_MULTILINE_TERNARY_OPERATION" value="true" />
    <option name="ALIGN_MULTILINE_EXTENDS_LIST" value="true" />
    <option name="ALIGN_MULTILINE_ARRAY_INITIALIZER_EXPRESSION" value="true" />
    <option name="CALL_PARAMETERS_WRAP" value="1" />
    <option name="METHOD_PARAMETERS_WRAP" value="1" />
    <option name="EXTENDS_LIST_WRAP" value="1" />
    <option name="EXTENDS_KEYWORD_WRAP" value="1" />
    <option name="METHOD_CALL_CHAIN_WRAP" value="1" />
    <option name="BINARY_OPERATION_WRAP" value="1" />
    <option name="BINARY_OPERATION_SIGN_ON_NEXT_LINE" value="true" />
    <option name="TERNARY_OPERATION_WRAP" value="1" />
    <option name="TERNARY_OPERATION_SIGNS_ON_NEXT_LINE" value="true" />
    <option name="FOR_STATEMENT_WRAP" value="1" />
    <option name="ARRAY_INITIALIZER_WRAP" value="1" />
    <option name="ASSIGNMENT_WRAP" value="5" />
    <option name="WRAP_COMMENTS" value="true" />
    <option name="IF_BRACE_FORCE" value="3" />
    <option name="DOWHILE_BRACE_FORCE" value="3" />
    <option name="WHILE_BRACE_FORCE" value="3" />
    <option name="FOR_BRACE_FORCE" value="3" />
  </codeStyleSettings>
  <codeStyleSettings language="Groovy">
    <option name="KEEP_CONTROL_STATEMENT_IN_ONE_LINE" value="false" />
    <option name="KEEP_BLANK_LINES_IN_CODE" value="1" />
    <option name="BLANK_LINES_AFTER_CLASS_HEADER" value="1" />
    <option name="ALIGN_MULTILINE_PARAMETERS_IN_CALLS" value="true" />
    <option name="ALIGN_MULTILINE_BINARY_OPERATION" value="true" />
    <option name="ALIGN_MULTILINE_ASSIGNMENT" value="true" />
    <option name="ALIGN_MULTILINE_TERNARY_OPERATION" value="true" />
    <option name="ALIGN_MULTILINE_THROWS_LIST" value="true" />
    <option name="ALIGN_MULTILINE_EXTENDS_LIST" value="true" />
    <option name="CALL_PARAMETERS_WRAP" value="1" />
    <option name="METHOD_PARAMETERS_WRAP" value="1" />
    <option name="EXTENDS_LIST_WRAP" value="1" />
    <option name="THROWS_LIST_WRAP" value="1" />
    <option name="EXTENDS_KEYWORD_WRAP" value="1" />
    <option name="THROWS_KEYWORD_WRAP" value="1" />
    <option name="METHOD_CALL_CHAIN_WRAP" value="1" />
    <option name="BINARY_OPERATION_WRAP" value="1" />
    <option name="TERNARY_OPERATION_WRAP" value="1" />
    <option name="FOR_STATEMENT_WRAP" value="1" />
    <option name="ASSIGNMENT_WRAP" value="5" />
    <option name="IF_BRACE_FORCE" value="3" />
    <option name="WHILE_BRACE_FORCE" value="3" />
    <option name="FOR_BRACE_FORCE" value="3" />
  </codeStyleSettings>
  <codeStyleSettings language="JAVA">
    <option name="KEEP_CONTROL_STATEMENT_IN_ONE_LINE" value="false" />
    <option name="KEEP_BLANK_LINES_IN_CODE" value="1" />
    <option name="BLANK_LINES_AFTER_CLASS_HEADER" value="1" />
    <option name="ALIGN_MULTILINE_ASSIGNMENT" value="true" />
    <option name="ALIGN_MULTILINE_TERNARY_OPERATION" value="true" />
    <option name="ALIGN_MULTILINE_THROWS_LIST" value="true" />
    <option name="ALIGN_MULTILINE_EXTENDS_LIST" value="true" />
    <option name="ALIGN_MULTILINE_PARENTHESIZED_EXPRESSION" value="true" />
    <option name="ALIGN_MULTILINE_ARRAY_INITIALIZER_EXPRESSION" value="true" />
    <option name="CALL_PARAMETERS_WRAP" value="1" />
    <option name="METHOD_PARAMETERS_WRAP" value="1" />
    <option name="EXTENDS_LIST_WRAP" value="1" />
    <option name="THROWS_LIST_WRAP" value="1" />
    <option name="EXTENDS_KEYWORD_WRAP" value="1" />
    <option name="THROWS_KEYWORD_WRAP" value="1" />
    <option name="METHOD_CALL_CHAIN_WRAP" value="1" />
    <option name="BINARY_OPERATION_WRAP" value="1" />
    <option name="BINARY_OPERATION_SIGN_ON_NEXT_LINE" value="true" />
    <option name="TERNARY_OPERATION_WRAP" value="1" />
    <option name="TERNARY_OPERATION_SIGNS_ON_NEXT_LINE" value="true" />
    <option name="KEEP_SIMPLE_METHODS_IN_ONE_LINE" value="true" />
    <option name="KEEP_SIMPLE_CLASSES_IN_ONE_LINE" value="true" />
    <option name="FOR_STATEMENT_WRAP" value="1" />
    <option name="ARRAY_INITIALIZER_WRAP" value="1" />
    <option name="ASSIGNMENT_WRAP" value="5" />
    <option name="WRAP_COMMENTS" value="true" />
    <option name="IF_BRACE_FORCE" value="3" />
    <option name="DOWHILE_BRACE_FORCE" value="3" />
    <option name="WHILE_BRACE_FORCE" value="3" />
    <option name="FOR_BRACE_FORCE" value="3" />
    <option name="WRAP_LONG_LINES" value="true" />
    <option name="WRAP_ON_TYPING" value="1" />
    <indentOptions>
      <option name="INDENT_SIZE" value="2" />
      <option name="CONTINUATION_INDENT_SIZE" value="4" />
      <option name="TAB_SIZE" value="8" />
    </indentOptions>
  </codeStyleSettings>
  <codeStyleSettings language="JSON">
    <option name="KEEP_BLANK_LINES_IN_CODE" value="1" />
  </codeStyleSettings>
  <codeStyleSettings language="JavaScript">
    <option name="KEEP_BLANK_LINES_IN_CODE" value="1" />
    <option name="ALIGN_MULTILINE_PARAMETERS_IN_CALLS" value="true" />
    <option name="ALIGN_MULTILINE_BINARY_OPERATION" value="true" />
    <option name="ALIGN_MULTILINE_TERNARY_OPERATION" value="true" />
    <option name="ALIGN_MULTILINE_EXTENDS_LIST" value="true" />
    <option name="ALIGN_MULTILINE_ARRAY_INITIALIZER_EXPRESSION" value="true" />
    <option name="CALL_PARAMETERS_WRAP" value="1" />
    <option name="METHOD_PARAMETERS_WRAP" value="1" />
    <option name="EXTENDS_LIST_WRAP" value="1" />
    <option name="EXTENDS_KEYWORD_WRAP" value="1" />
    <option name="METHOD_CALL_CHAIN_WRAP" value="1" />
    <option name="BINARY_OPERATION_WRAP" value="1" />
    <option name="BINARY_OPERATION_SIGN_ON_NEXT_LINE" value="true" />
    <option name="TERNARY_OPERATION_WRAP" value="1" />
    <option name="TERNARY_OPERATION_SIGNS_ON_NEXT_LINE" value="true" />
    <option name="FOR_STATEMENT_WRAP" value="1" />
    <option name="ARRAY_INITIALIZER_WRAP" value="1" />
    <option name="ASSIGNMENT_WRAP" value="5" />
    <option name="WRAP_COMMENTS" value="true" />
    <option name="IF_BRACE_FORCE" value="3" />
    <option name="DOWHILE_BRACE_FORCE" value="3" />
    <option name="WHILE_BRACE_FORCE" value="3" />
    <option name="FOR_BRACE_FORCE" value="3" />
  </codeStyleSettings>
  <codeStyleSettings language="PHP">
    <option name="KEEP_CONTROL_STATEMENT_IN_ONE_LINE" value="false" />
    <option name="KEEP_BLANK_LINES_IN_CODE" value="1" />
    <option name="BLANK_LINES_AFTER_CLASS_HEADER" value="1" />
    <option name="ALIGN_MULTILINE_ASSIGNMENT" value="true" />
    <option name="ALIGN_MULTILINE_TERNARY_OPERATION" value="true" />
    <option name="ALIGN_MULTILINE_THROWS_LIST" value="true" />
    <option name="ALIGN_MULTILINE_EXTENDS_LIST" value="true" />
    <option name="ALIGN_MULTILINE_PARENTHESIZED_EXPRESSION" value="true" />
    <option name="CALL_PARAMETERS_WRAP" value="1" />
    <option name="METHOD_PARAMETERS_WRAP" value="1" />
    <option name="EXTENDS_LIST_WRAP" value="1" />
    <option name="THROWS_LIST_WRAP" value="1" />
    <option name="EXTENDS_KEYWORD_WRAP" value="1" />
    <option name="THROWS_KEYWORD_WRAP" value="1" />
    <option name="METHOD_CALL_CHAIN_WRAP" value="1" />
    <option name="BINARY_OPERATION_WRAP" value="1" />
    <option name="BINARY_OPERATION_SIGN_ON_NEXT_LINE" value="true" />
    <option name="TERNARY_OPERATION_WRAP" value="1" />
    <option name="TERNARY_OPERATION_SIGNS_ON_NEXT_LINE" value="true" />
    <option name="FOR_STATEMENT_WRAP" value="1" />
    <option name="ARRAY_INITIALIZER_WRAP" value="1" />
    <option name="ASSIGNMENT_WRAP" value="5" />
    <option name="WRAP_COMMENTS" value="true" />
    <option name="IF_BRACE_FORCE" value="3" />
    <option name="DOWHILE_BRACE_FORCE" value="3" />
    <option name="WHILE_BRACE_FORCE" value="3" />
    <option name="FOR_BRACE_FORCE" value="3" />
    <option name="PARENT_SETTINGS_INSTALLED" value="true" />
  </codeStyleSettings>
</code_scheme>