<application>
  <component name="ProjectJdkTable">
    <jdk version="2">
      <name value="Python 2.7 (.venv)" />
      <type value="Python SDK" />
      <version value="Python 2.7.15" />
      <homePath value="$USER_HOME$/code/.venv/bin/python" />
      <roots>
        <classPath>
          <root type="composite">
            <root url="file://$USER_HOME$/code/.venv/lib/python2.7" type="simple" />
            <root url="file://$USER_HOME$/code/.venv/lib/python2.7/lib-dynload" type="simple" />
            <root url="file:///usr/local/Cellar/python@2/2.7.15_1/Frameworks/Python.framework/Versions/2.7/lib/python2.7" type="simple" />
            <root url="file:///usr/local/Cellar/python@2/2.7.15_1/Frameworks/Python.framework/Versions/2.7/lib/python2.7/plat-darwin" type="simple" />
            <root url="file:///usr/local/Cellar/python@2/2.7.15_1/Frameworks/Python.framework/Versions/2.7/lib/python2.7/lib-tk" type="simple" />
            <root url="file:///usr/local/Cellar/python@2/2.7.15_1/Frameworks/Python.framework/Versions/2.7/lib/python2.7/plat-mac" type="simple" />
            <root url="file:///usr/local/Cellar/python@2/2.7.15_1/Frameworks/Python.framework/Versions/2.7/lib/python2.7/plat-mac/lib-scriptpackages" type="simple" />
            <root url="file://$USER_HOME$/code/.venv/lib/python2.7/site-packages" type="simple" />
            <root url="file://$USER_HOME$/Library/Caches/PyCharmCE2018.3/python_stubs/1227853511" type="simple" />
            <root url="file://$APPLICATION_HOME_DIR$/helpers/python-skeletons" type="simple" />
            <root url="file://$APPLICATION_HOME_DIR$/helpers/typeshed/stdlib/2" type="simple" />
            <root url="file://$APPLICATION_HOME_DIR$/helpers/typeshed/stdlib/2and3" type="simple" />
            <root url="file://$APPLICATION_HOME_DIR$/helpers/typeshed/third_party/2" type="simple" />
            <root url="file://$APPLICATION_HOME_DIR$/helpers/typeshed/third_party/2and3" type="simple" />
          </root>
        </classPath>
        <sourcePath>
          <root type="composite" />
        </sourcePath>
      </roots>
      <additional ASSOCIATED_PROJECT_PATH="$USER_HOME$/code/pinboard" />
    </jdk>
    <jdk version="2">
      <name value="Remote Python 2.7.12 Docker (pinboard-dev:latest)" />
      <type value="Python SDK" />
      <version value="Python 2.7.12" />
      <homePath value="docker://pinboard-dev:latest/python" />
      <roots>
        <classPath>
          <root type="composite">
            <root url="file://$USER_HOME$/Library/Caches/PyCharm2019.1/remote_sources/1734772317/201544331" type="simple" />
            <root url="file://$USER_HOME$/Library/Caches/PyCharm2019.1/remote_sources/1734772317/724150857" type="simple" />
            <root url="file://$USER_HOME$/Library/Caches/PyCharm2019.1/remote_sources/1734772317/-154863933" type="simple" />
            <root url="file://$USER_HOME$/Library/Caches/PyCharm2019.1/remote_sources/1734772317/-1227933812" type="simple" />
            <root url="file://$USER_HOME$/Library/Caches/PyCharm2019.1/remote_sources/1734772317/-125940560" type="simple" />
            <root url="file://$USER_HOME$/Library/Caches/PyCharm2019.1/python_stubs/1734772317" type="simple" />
            <root url="file://$APPLICATION_HOME_DIR$/helpers/python-skeletons" type="simple" />
            <root url="file://$APPLICATION_HOME_DIR$/helpers/typeshed/stdlib/2" type="simple" />
            <root url="file://$APPLICATION_HOME_DIR$/helpers/typeshed/stdlib/2and3" type="simple" />
            <root url="file://$APPLICATION_HOME_DIR$/helpers/typeshed/third_party/2" type="simple" />
            <root url="file://$APPLICATION_HOME_DIR$/helpers/typeshed/third_party/2and3" type="simple" />
          </root>
        </classPath>
        <sourcePath>
          <root type="composite" />
        </sourcePath>
      </roots>
      <additional DOCKER_ACCOUNT_NAME="dev-dkapoor2" DOCKER_IMAGE_NAME="pinboard-dev:latest" DOCKER_REMOTE_PROJECT_PATH="/opt/project" INTERPRETER_PATH="python" HELPERS_PATH="/opt/.pycharm_helpers" INITIALIZED="false" VALID="true" RUN_AS_ROOT_VIA_SUDO="false" SKELETONS_PATH="" VERSION="">
        <PathMappingSettings>
          <option name="pathMappings">
            <list>
              <mapping local-root="$USER_HOME$/Library/Caches/PyCharm2019.1/remote_sources/1734772317/201544331" remote-root="/usr/lib/python2.7" />
              <mapping local-root="$USER_HOME$/Library/Caches/PyCharm2019.1/remote_sources/1734772317/724150857" remote-root="/usr/lib/python2.7/plat-x86_64-linux-gnu" />
              <mapping local-root="$USER_HOME$/Library/Caches/PyCharm2019.1/remote_sources/1734772317/-154863933" remote-root="/usr/lib/python2.7/lib-tk" />
              <mapping local-root="$USER_HOME$/Library/Caches/PyCharm2019.1/remote_sources/1734772317/-1227933812" remote-root="/usr/local/lib/python2.7/dist-packages" />
              <mapping local-root="$USER_HOME$/Library/Caches/PyCharm2019.1/remote_sources/1734772317/-125940560" remote-root="/usr/lib/python2.7/dist-packages" />
            </list>
          </option>
        </PathMappingSettings>
      </additional>
    </jdk>
    <jdk version="2">
      <name value="Remote Python 2.7.12 Docker (pinboard-dev:latest) (2)" />
      <type value="Python SDK" />
      <version value="Python 2.7.12" />
      <homePath value="docker://pinboard-dev:latest/python" />
      <roots>
        <classPath>
          <root type="composite">
            <root url="file://$USER_HOME$/Library/Caches/PyCharm2019.1/remote_sources/1734772317/201544331" type="simple" />
            <root url="file://$USER_HOME$/Library/Caches/PyCharm2019.1/remote_sources/1734772317/724150857" type="simple" />
            <root url="file://$USER_HOME$/Library/Caches/PyCharm2019.1/remote_sources/1734772317/-154863933" type="simple" />
            <root url="file://$USER_HOME$/Library/Caches/PyCharm2019.1/remote_sources/1734772317/-1227933812" type="simple" />
            <root url="file://$USER_HOME$/Library/Caches/PyCharm2019.1/remote_sources/1734772317/-125940560" type="simple" />
            <root url="file://$USER_HOME$/Library/Caches/PyCharm2019.1/python_stubs/1734772317" type="simple" />
            <root url="file://$APPLICATION_HOME_DIR$/helpers/python-skeletons" type="simple" />
            <root url="file://$APPLICATION_HOME_DIR$/helpers/typeshed/stdlib/2" type="simple" />
            <root url="file://$APPLICATION_HOME_DIR$/helpers/typeshed/stdlib/2and3" type="simple" />
            <root url="file://$APPLICATION_HOME_DIR$/helpers/typeshed/third_party/2" type="simple" />
            <root url="file://$APPLICATION_HOME_DIR$/helpers/typeshed/third_party/2and3" type="simple" />
          </root>
        </classPath>
        <sourcePath>
          <root type="composite" />
        </sourcePath>
      </roots>
      <additional DOCKER_ACCOUNT_NAME="dev-dkapoor-2" DOCKER_IMAGE_NAME="pinboard-dev:latest" DOCKER_REMOTE_PROJECT_PATH="/opt/project" INTERPRETER_PATH="python" HELPERS_PATH="/opt/.pycharm_helpers" INITIALIZED="false" VALID="true" RUN_AS_ROOT_VIA_SUDO="false" SKELETONS_PATH="" VERSION="">
        <PathMappingSettings>
          <option name="pathMappings">
            <list>
              <mapping local-root="$USER_HOME$/Library/Caches/PyCharm2019.1/remote_sources/1734772317/201544331" remote-root="/usr/lib/python2.7" />
              <mapping local-root="$USER_HOME$/Library/Caches/PyCharm2019.1/remote_sources/1734772317/724150857" remote-root="/usr/lib/python2.7/plat-x86_64-linux-gnu" />
              <mapping local-root="$USER_HOME$/Library/Caches/PyCharm2019.1/remote_sources/1734772317/-154863933" remote-root="/usr/lib/python2.7/lib-tk" />
              <mapping local-root="$USER_HOME$/Library/Caches/PyCharm2019.1/remote_sources/1734772317/-1227933812" remote-root="/usr/local/lib/python2.7/dist-packages" />
              <mapping local-root="$USER_HOME$/Library/Caches/PyCharm2019.1/remote_sources/1734772317/-125940560" remote-root="/usr/lib/python2.7/dist-packages" />
            </list>
          </option>
        </PathMappingSettings>
      </additional>
    </jdk>
    <jdk version="2">
      <name value="Python 3.7 (scratch)" />
      <type value="Python SDK" />
      <version value="Python 3.7.4" />
      <homePath value="$USER_HOME$/src/scratch/venv3/bin/python" />
      <roots>
        <classPath>
          <root type="composite">
            <root url="file:///usr/local/Cellar/python/3.7.4/Frameworks/Python.framework/Versions/3.7/lib/python3.7" type="simple" />
            <root url="file:///usr/local/Cellar/python/3.7.4/Frameworks/Python.framework/Versions/3.7/lib/python3.7/lib-dynload" type="simple" />
            <root url="file://$USER_HOME$/src/scratch/venv3/lib/python3.7/site-packages" type="simple" />
            <root url="file://$USER_HOME$/Library/Caches/PyCharm2019.1/python_stubs/-1310248128" type="simple" />
            <root url="file://$APPLICATION_HOME_DIR$/helpers/python-skeletons" type="simple" />
            <root url="file://$APPLICATION_HOME_DIR$/helpers/typeshed/stdlib/3" type="simple" />
            <root url="file://$APPLICATION_HOME_DIR$/helpers/typeshed/stdlib/2and3" type="simple" />
            <root url="file://$APPLICATION_HOME_DIR$/helpers/typeshed/third_party/3" type="simple" />
            <root url="file://$APPLICATION_HOME_DIR$/helpers/typeshed/third_party/2and3" type="simple" />
          </root>
        </classPath>
        <sourcePath>
          <root type="composite" />
        </sourcePath>
      </roots>
      <additional ASSOCIATED_PROJECT_PATH="$USER_HOME$/src/scratch" />
    </jdk>
    <jdk version="2">
      <name value="Python 3.7 (ml-op-bench)" />
      <type value="Python SDK" />
      <version value="Python 3.7.4" />
      <homePath value="$USER_HOME$/src/ml-op-bench/venv3/bin/python" />
      <roots>
        <classPath>
          <root type="composite">
            <root url="file:///usr/local/Cellar/python/3.7.4/Frameworks/Python.framework/Versions/3.7/lib/python3.7" type="simple" />
            <root url="file:///usr/local/Cellar/python/3.7.4/Frameworks/Python.framework/Versions/3.7/lib/python3.7/lib-dynload" type="simple" />
            <root url="file://$USER_HOME$/src/ml-op-bench/venv3/lib/python3.7/site-packages" type="simple" />
            <root url="file://$USER_HOME$/Library/Caches/PyCharm2019.1/python_stubs/-2137308280" type="simple" />
            <root url="file://$APPLICATION_HOME_DIR$/helpers/python-skeletons" type="simple" />
            <root url="file://$APPLICATION_HOME_DIR$/helpers/typeshed/stdlib/3" type="simple" />
            <root url="file://$APPLICATION_HOME_DIR$/helpers/typeshed/stdlib/2and3" type="simple" />
            <root url="file://$APPLICATION_HOME_DIR$/helpers/typeshed/third_party/3" type="simple" />
            <root url="file://$APPLICATION_HOME_DIR$/helpers/typeshed/third_party/2and3" type="simple" />
          </root>
        </classPath>
        <sourcePath>
          <root type="composite" />
        </sourcePath>
      </roots>
      <additional ASSOCIATED_PROJECT_PATH="$USER_HOME$/src/ml-op-bench" />
    </jdk>
    <jdk version="2">
      <name value="Remote Python 2.7.12 Docker (998131032990.dkr.ecr.us-east-1.amazonaws.com/pinboard-dev:latest)" />
      <type value="Python SDK" />
      <version value="Python 2.7.12" />
      <homePath value="docker://998131032990.dkr.ecr.us-east-1.amazonaws.com/pinboard-dev:latest/python2" />
      <roots>
        <classPath>
          <root type="composite">
            <root url="file://$USER_HOME$/Library/Caches/PyCharm2019.1/remote_sources/2082687573/201544331" type="simple" />
            <root url="file://$USER_HOME$/Library/Caches/PyCharm2019.1/remote_sources/2082687573/724150857" type="simple" />
            <root url="file://$USER_HOME$/Library/Caches/PyCharm2019.1/remote_sources/2082687573/-154863933" type="simple" />
            <root url="file://$USER_HOME$/Library/Caches/PyCharm2019.1/remote_sources/2082687573/-1227933812" type="simple" />
            <root url="file://$USER_HOME$/Library/Caches/PyCharm2019.1/remote_sources/2082687573/-125940560" type="simple" />
            <root url="file://$USER_HOME$/Library/Caches/PyCharm2019.1/python_stubs/2082687573" type="simple" />
            <root url="file://$APPLICATION_HOME_DIR$/helpers/python-skeletons" type="simple" />
            <root url="file://$APPLICATION_HOME_DIR$/helpers/typeshed/stdlib/2" type="simple" />
            <root url="file://$APPLICATION_HOME_DIR$/helpers/typeshed/stdlib/2and3" type="simple" />
            <root url="file://$APPLICATION_HOME_DIR$/helpers/typeshed/third_party/2" type="simple" />
            <root url="file://$APPLICATION_HOME_DIR$/helpers/typeshed/third_party/2and3" type="simple" />
          </root>
        </classPath>
        <sourcePath>
          <root type="composite" />
        </sourcePath>
      </roots>
      <additional DOCKER_ACCOUNT_NAME="Devapp2-Docker" DOCKER_IMAGE_NAME="998131032990.dkr.ecr.us-east-1.amazonaws.com/pinboard-dev:latest" DOCKER_REMOTE_PROJECT_PATH="/opt/project" INTERPRETER_PATH="python2" HELPERS_PATH="/opt/.pycharm_helpers" INITIALIZED="false" VALID="true" RUN_AS_ROOT_VIA_SUDO="false" SKELETONS_PATH="" VERSION="">
        <PathMappingSettings>
          <option name="pathMappings">
            <list>
              <mapping local-root="$USER_HOME$/Library/Caches/PyCharm2019.1/remote_sources/2082687573/201544331" remote-root="/usr/lib/python2.7" />
              <mapping local-root="$USER_HOME$/Library/Caches/PyCharm2019.1/remote_sources/2082687573/724150857" remote-root="/usr/lib/python2.7/plat-x86_64-linux-gnu" />
              <mapping local-root="$USER_HOME$/Library/Caches/PyCharm2019.1/remote_sources/2082687573/-154863933" remote-root="/usr/lib/python2.7/lib-tk" />
              <mapping local-root="$USER_HOME$/Library/Caches/PyCharm2019.1/remote_sources/2082687573/-1227933812" remote-root="/usr/local/lib/python2.7/dist-packages" />
              <mapping local-root="$USER_HOME$/Library/Caches/PyCharm2019.1/remote_sources/2082687573/-125940560" remote-root="/usr/lib/python2.7/dist-packages" />
            </list>
          </option>
        </PathMappingSettings>
      </additional>
    </jdk>
  </component>
</application>