<application>
  <component name="RemoteServers">
    <remote-server name="Docker" type="docker">
      <configuration>
        <option name="apiUrl" value="unix:///var/run/docker.sock" />
        <option name="certificatesPath" />
      </configuration>
    </remote-server>
    <remote-server name="DevappDocker" type="docker">
      <configuration>
        <option name="apiUrl" value="http://dkapoor.pinterdev.com:1111" />
      </configuration>
    </remote-server>
    <remote-server name="Devapp2" type="docker">
      <configuration>
        <option name="apiUrl" value="dev-dkapoor-2.ec2.pin220.com:1111" />
      </configuration>
    </remote-server>
    <remote-server name="Docker2" type="docker">
      <configuration>
        <option name="apiUrl" value="tcp://dev-dkapoor-2.ec2.pin220.com:1111" />
      </configuration>
    </remote-server>
    <remote-server name="Devapp2-Docker" type="docker">
      <configuration>
        <option name="apiUrl" value="tcp://dev-dkapoor-2.ec2.pin220.com:1111" />
      </configuration>
    </remote-server>
    <remote-server name="Docker3" type="docker">
      <configuration>
        <option name="apiUrl" value="http://dev-dkapoor-2.ec2.pin220.com:1111" />
      </configuration>
    </remote-server>
    <remote-server name="dev-dkapoor2" type="docker">
      <configuration>
        <option name="apiUrl" value="tcp://dev-dkapoor-2.ec2.pin220.com:1111" />
        <option name="pathMappings">
          <list>
            <DockerPathMappingImpl>
              <option name="localPath" value="$USER_HOME$/code/pinboard" />
              <option name="virtualMachinePath" value="/home/dkapoor/code/pinboard" />
            </DockerPathMappingImpl>
          </list>
        </option>
      </configuration>
    </remote-server>
    <remote-server name="dev-dkapoor-2" type="docker">
      <configuration>
        <option name="apiUrl" value="tcp://dev-dkapoor-2.ec2.pin220.com:1111" />
      </configuration>
    </remote-server>
  </component>
</application>