<application>
  <component name="WebServers">
    <option name="servers">
      <webServer id="4dba6afb-2da8-40f5-8063-4288013d0e0a" name="dev-dkapoor-2" url="http://dev-dkapoor-2.ec2.pin220.com">
        <fileTransfer host="dev-dkapoor-2.ec2.pin220.com" port="22" rootFolder="/home/dkapoor/" accessType="SFTP" authAgent="true">
          <advancedOptions>
            <advancedOptions dataProtectionLevel="Private" passiveMode="true" shareSSLContext="true" />
          </advancedOptions>
          <option name="port" value="22" />
        </fileTransfer>
      </webServer>
    </option>
  </component>
</application>