<application>
  <component name="FileTypeManager" version="17">
    <extensionMap>
      <removed_mapping ext="conf" approved="true" type="HOCON" />
      <mapping ext="bootstrap" type="PLAIN_TEXT" />
      <mapping ext="resource" type="PLAIN_TEXT" />
      <mapping ext="conf" type="YAML" />
      <removed_mapping pattern="FlinkConfigurationTest.java" approved="true" type="PLAIN_TEXT" />
      <removed_mapping ext="conf" approved="true" type="HOCON" />
    </extensionMap>
  </component>
</application>