<toolSet name="External Tools">
  <tool name="git commit amend" showInMainMenu="false" showInEditor="false" showInProject="false" showInSearchPopup="false" disabled="false" useConsole="true" showConsoleOnStdOut="false" showConsoleOnStdErr="false" synchronizeAfterRun="true">
    <exec>
      <option name="COMMAND" value="git" />
      <option name="PARAMETERS" value="commit --amend --no-edit -a" />
      <option name="WORKING_DIRECTORY" value="$WorkspaceRoot$" />
    </exec>
  </tool>
  <tool name="mail" showInMainMenu="false" showInEditor="false" showInProject="false" showInSearchPopup="false" disabled="false" useConsole="true" showConsoleOnStdOut="false" showConsoleOnStdErr="false" synchronizeAfterRun="true">
    <exec>
      <option name="COMMAND" value="/bin/bash" />
      <option name="PARAMETERS" value="-l -c 'mail'" />
      <option name="WORKING_DIRECTORY" value="$WorkspaceRoot$" />
    </exec>
  </tool>
  <tool name="ptal" showInMainMenu="false" showInEditor="false" showInProject="false" showInSearchPopup="false" disabled="false" useConsole="true" showConsoleOnStdOut="false" showConsoleOnStdErr="false" synchronizeAfterRun="true">
    <exec>
      <option name="COMMAND" value="/bin/bash" />
      <option name="PARAMETERS" value="-l -c 'ptal'" />
      <option name="WORKING_DIRECTORY" value="$WorkspaceRoot$" />
    </exec>
  </tool>
  <tool name="submit" showInMainMenu="false" showInEditor="false" showInProject="false" showInSearchPopup="false" disabled="false" useConsole="true" showConsoleOnStdOut="false" showConsoleOnStdErr="false" synchronizeAfterRun="true">
    <exec>
      <option name="COMMAND" value="/bin/bash" />
      <option name="PARAMETERS" value="-l -c 'submit'" />
      <option name="WORKING_DIRECTORY" value="$WorkspaceRoot$" />
    </exec>
  </tool>
</toolSet>